N,南和藥局,臺北市中正區泉州街１４１號,02-23032755,121.5130186299,25.024831407281
N,南和藥局,臺北市中正區泉州街１４１號,02-23032755,121.5130186299,25.024831407281
Y,日生大藥局,臺北市中正區汀州路一段５３號１樓,223031393,121.507647594806,25.030257446465
Y,三元藥局,臺北市中正區三元街１５８號,223052839,121.510872080852,25.028001069819
Y,大安藥局,臺北市中正區新生南路一段一○六號,223213186,121.532552119056,25.039689785267
Y,上海聯合藥局,臺北市中正區衡陽路３２號１樓,223714797,121.512629195317,25.042206307181
Y,中心藥局,臺北市中正區汀州路三段１２１號,223689889,121.530298489652,25.016545106061
N,楊藥局,臺北市中正區臨沂街２９巷１８號,223414449,121.530796034913,25.039848489958
N,和康大藥局,臺北市中正區忠孝東路一段７８號１樓,02-23958181,121.523962460912,25.044461269666
Y,古亭藥局,臺北市中正區汀州路三段１１７號,,121.530122567693,25.01666814556
Y,新獻安藥局,臺北市中正區羅斯福路一段１５號,223519891,121.518218844269,25.033161490467
Y,國杏藥師示範藥局,臺北市中正區延平南路１７１巷３號,223811322,121.507846578101,25.034869401635
Y,東華藥局,臺北市中正區汀州路三段一一三號,0223640852、02-23640852,121.530030255202,25.016732709676
Y,連雲藥局,臺北市中正區連雲街79號,02-23410504,121.530160623149,25.034360390027
Y,合泰大藥局,臺北市中正區衡陽路26號,223899977,121.512863046143,25.042207359945
N,吉星藥局,臺北市中正區襄陽路１９號１樓,2311-7779,121.515392218858,25.043492514729
Y,全民藥局,臺北市中正區廈門街八十七號,223695759,121.515392218858,25.043492514729
Y,和平藥局,臺北市中正區中華路二段四十三號,23755303,121.506372908748,25.035081986618
Y,丞良藥局,臺北市中正區南昌路一段７８號地下一樓,33938868,121.517272405967,25.030995902545
Y,慶安藥局,臺北市中正區徐州路26號,02-2358-2385,121.523409624382,25.040612043814
Y,達昌藥局,臺北市中正區汀州路一段207號,23390109,121.511621697465,25.026916300195
Y,大愛生活藥局,臺北市中正區汀州路二段232號,02-23661155,121.524262717091,25.021894632679
Y,台醫藥局,臺北市中正區公園路30巷4號,23141202,121.516555453528,25.044161040762
Y,佑康大藥局,臺北市中正區汀州路二段64號,23683602,121.518381970739,25.025133154644
Y,佳和藥局,臺北市中正區黎明里公園路30號,,121.516856592927,25.044482404643
Y,正康藥局,臺北市中正區漢口街1段22號,23712831,121.514231878536,25.045073779505
Y,建祥武昌藥局,臺北市中正區武昌街一段29號1樓,23314038,121.51212299816,25.044157182898
Y,進達健保藥局,臺北市中正區中華路二段453號,23039829,121.509610186456,25.024901127761
Y,活力健康藥妝藥局,臺北市中正區中華路二段315巷1號,223392625,121.506196179857,25.027949338303
Y,信康藥局,臺北市中正區南昌路一段143號,23961979,121.51859219126,25.029532397413
Y,保德中華藥局,臺北市中正區中華路二段159號,02-23027720,121.50425042982,25.031012828439
Y,71恩典藥局,臺北市中正區信義路二段71號,23223371,121.5263958052,25.034666003413
Y,豐仁藥局,臺北市中正區寧波西街161號,02-23033908,121.510946589659,25.027355944346
Y,立赫健保藥局,臺北市中正區新生南路一段16之2號,02-33223231,121.532612642118,25.043226409073
Y,汀州健康人生藥局,臺北市中正區汀州路三段211號,2368-8902,121.533653631269,25.014200328583
Y,宏越藥局,臺北市中正區中華路二段313巷4號,2305-0880,121.506121126065,25.028127122851
Y,大盛藥局,臺北市中正區中華路一段21巷16號,223316807,121.510535649829,25.046450582273
Y,北車維康藥局,臺北市中正區青島西路11號,02-2361-3509,121.517766596387,25.044987580704
Y,和眾藥局,臺北市中正區忠孝西路一段6號,02-23911393,121.51802838844,25.045825747738
Y,中力藥局,臺北市中正區襄陽路13之5號、15號,02-23313768,121.515538167829,25.043495556407
Y,躍獅南門藥局,臺北市中正區中華路二段39巷10號,02-23141111,121.507363302472,25.034834948934
Y,桐心藥局,臺北市中正區金華街18之6號1樓,02-2358-1663,121.520215153172,25.031753056582
Y,逸菁中西特約藥局,臺北市中正區衡陽路6號8樓之1,2382-2791,121.513770710103,25.042230306264
Y,珍忻藥局,臺北市中正區南昌路一段65號,02-23965115,121.517451983792,25.031067989817
Y,博昱連雲藥局,臺北市中正區連雲街72號、72之1號,02-23581898,121.529971222548,25.034546511599
Y,長頸鹿藥師藥局,臺北市中正區南昌路一段132號,223962120,121.518346059387,25.029545922418
Y,躍獅南寧藥局,臺北市中正區南昌路1段81號,223967072,121.517812176966,25.030573863904
Y,鈞安藥局,臺北市中正區中華路2段425號1樓,02-23098282,121.508859790663,25.025397085225
Y,躍獅東門藥局,臺北市中正區金山南路1段108之1號(1樓),02-23920339,121.527301846493,25.035376787115
Y,康呈安藥局,臺北市中正區汀州路2段187號1樓,02-23672215,121.521984537257,25.024031487071
Y,立赫臺大藥局,臺北市中正區公園路28號1樓,2361-6162,121.516968975334,25.044851334779
Y,南昌春天藥局,臺北市中正區南昌路1段157號1樓,02-23972886,121.51878163013,25.029268196831
Y,汀州藥局,臺北市中正區汀州路1段187、189、191號(1樓),02-23090705,121.509179162811,25.028373817537
N,中英大藥局,臺北市中正區永綏街6號1樓,02-23615654,121.511180066518,25.042998008474
Y,崇信藥局,臺北市中正區齊東街８８號,223417557,121.527150940644,25.041623875333
Y,民生藥局,臺北市中正區濟南路二段45之1號,223416470,121.530540389993,25.040599004763
N,新德星中西藥局,臺北市中正區信陽街３號１樓,223614598,121.516872281116,25.044699981231
Y,濟仁藥局,臺北市中正區濟南路二段２２號,223514576,121.528647680322,25.040858952531
N,東鴻藥局,臺北市中正區臨沂街７１巷３號,223218648,121.528310881173,25.035361900175
Y,祥全藥局,臺北市中正區信義路二段７９巷１５號之８一樓,223939339,121.526975122946,25.035453502174
Y,南昌大藥局,臺北市中正區南昌路一段８６號一樓,223510322,121.517374381979,25.030859196095
N,仁杏藥局,臺北市中正區汀州路一段３８４號,223013621,121.513550445368,25.026236323173
Y,永興藥局,臺北市中正區汀州路一段９２巷２８號,223050986,121.506762197349,25.029993569667
N,華大藥局,臺北市中正區金門街８號,223682425,121.524331514582,25.022751473782
Y,怡誠藥局,臺北市中正區汀州路二段二一二號,23625100,121.523719101257,25.022360864515
N,新介春藥局,臺北市大同區酒泉街１６６號,225862265,121.511708861318,25.072014153756
N,惠眾藥局,臺北市大同區重慶北路三段三三五巷四十三號,225981269,121.515177541045,25.074618496878
Y,柯藥局,臺北市大同區重慶北路三段３３５巷６號,225948515,121.514367256261,25.074519298865
Y,時春藥局,臺北市大同區赤峰街４號,225597918,121.519114815849,25.053556919037
Y,裕仁藥局,臺北市大同區迪化街二段270之1號,225910064,121.511458540079,25.070684008951
N,健康藥局,臺北市大同區寧夏路２３號之４,225551219,121.515123418254,25.05512088285
Y,泰元藥局,臺北市大同區哈密街九十一號,225914592,121.514619164777,25.073029698965
N,正中藥局,臺北市大同區民族西路二一三號,225976937,121.514220554882,25.068742696722
Y,保慶藥局,臺北市大同區保安街21號,225538988,121.51294379779,25.059258258304
Y,快安藥局,臺北市大同區南京西路282、284號,25561925,121.520140794161,25.052850186845
Y,得意藥師藥局,臺北市大同區延平北路二段229號,25534294,121.511467355665,25.060288895191
Y,健康美藥局,臺北市大同區民族西路165號,25976707,121.515521950197,25.06872156282
Y,宏泰藥師藥局,臺北市大同區酒泉街131號,25957025,121.514476893869,25.072131223073
Y,儷安藥局,臺北市大同區錦西街53巷16號,25578033,121.515832369704,25.060652714204
Y,富康藥局,臺北市大同區延平北路二段126號,225537782,121.511459340339,25.057333572108
Y,佳禾藥局,臺北市大同區大龍街262號,25953806,121.515832633531,25.070609434108
Y,躍獅雙蓮藥局,臺北市大同區涼州街4號,02-25537551,121.514677830005,25.060776098409
Y,延平新聖安藥局,臺北市大同區延平北路三段35號,02-25923399,121.511200591484,25.064746793696
Y,德芳藥局,臺北市大同區民生西路91號,25576869,121.519369386547,25.05761803116
Y,旭豐藥局,臺北市大同區昌吉街96號,225853880,121.515120808955,25.065823709336
Y,中興聯合藥局,臺北市大同區鄭州路127號(實際營業地址：1樓),02-25502952,121.510788332373,25.050353659366
Y,躍獅遠東藥局,臺北市大同區延平北路二段131號(實際營業地址：1樓),02-25594835,121.511639176293,25.057507050171
Y,躍獅文昌藥局,臺北市大同區民生西路108號(實際營業:一層),25586189,121.519675994497,25.057400357055
Y,春鄰藥局,臺北市大同區長安西路35號(實際營業樓層:一層),222526289,121.51973219572,25.050360273298
Y,新聖安藥局,臺北市大同區昌吉街130號,02-25977877,121.514281752342,25.065839383665
Y,酒泉春天藥局,臺北市大同區酒泉街94號、94號2樓,02-25977932,121.514555003766,25.07193434828
Y,大同民生藥局,臺北市大同區民生西路128號(1樓、2樓)及130號(1樓、2樓),25558886,121.519128117372,25.057340457961
Y,123宅藥局,臺北市大同區鄭州路123號(1樓),922281812,121.510888561793,25.050335222386
Y,慈仁藥局,臺北市大同區歸綏街２６１號１樓,225572733,121.510129847519,25.05832208827
N,三省大藥局,臺北市大同區民族西路３０３巷１９號１樓,225353540,121.51023600665,25.069265284156
Y,三銘大藥局,臺北市大同區迪化街一段80號,225583392,121.509908959327,25.055808372404
N,弘仁全民藥局,臺北市大同區重慶北路二段１４５號,225579235,121.513817779625,25.058240147058
Y,建祥藥局,臺北市大同區寧夏路17號、17-1號,225564339,121.515043682628,25.054850226687
Y,正利民藥局,臺北市大同區延平北路三段105號,225924842,121.511035289912,25.068059924189
N,華南藥局,臺北市大同區迪化街二段二一五號之一,225921093,121.511690884795,25.070366819767
N,德葳藥局,臺北市大同區延平北路二段二一一號一樓,0935490269、25573474,121.51150421459,25.059739346523
Y,慶福藥局,臺北市大同區南京西路 233巷2號(1樓)  ,25503628,121.510423585258,25.053975790339
Y,佳頤中西藥局,臺北市中山區長春路147之1號,02-25641479,121.532345578107,25.054951680111
Y,康銓藥局,臺北市中山區農安街174號,225039393,121.534641376941,25.064568452102
Y,禾全藥局,臺北市中山區龍江路332號,02-25165721,121.540871339165,25.065322851467
Y,十二願藥局,臺北市中山區林森北路309號,925137125,121.525567896849,25.055880476266
Y,禾康藥局,臺北市中山區植福路296號(實際營業地址:1層),,121.561176953484,25.08124570423
Y,大樹龍江藥局,臺北市中山區龍江路242號,(02)2503-5666,121.540611945783,25.058885380668
Y,安悅藥局,臺北市中山區吉林路189號,2541-9879,121.530355828402,25.059703578504
Y,康廷藥局,臺北市中山區北安路611號（實際營業地址：1層）,02-25335890,121.548789875308,25.082530913983
Y,東東藥局,臺北市中山區長春路257之2號1樓,(02)2503-1730,121.540788074144,25.05476922876
Y,誠果中西藥局,臺北市中山區吉林路101號1樓,02-25238563,121.530283945359,25.05618779302
N,唐宋中藥局,臺北市中山區松江路194巷7號(1樓),02-25634800,121.532423300057,25.057156144753
Y,盛康藥局,臺北市中山區吉林路399號1樓,(02)2596-9580,121.530507808451,25.065871780322
Y,杏一龍錦藥局,臺北市中山區龍江路279號1樓,(02)2517-4618,121.540829903179,25.059731589781
Y,吉林藥局,臺北市中山區吉林路371號(1樓),2586-5990,121.530483979225,25.065109726227
Y,永育康暉藥局,臺北市中山區樂群二路210之2號1樓,(02)8501-2268,121.559333293348,25.079517390872
Y,龍江台安藥局,臺北市中山區龍江路247號(1樓),02-25091007,121.540812438745,25.058620462794
Y,可康藥局,臺北市中山區林森北路373號(1樓),25361078,121.525650377469,25.058257482325
Y,專品龍江藥局,臺北市中山區龍江路311號1樓,(02)2517-8870,121.540863394431,25.061271562767
Y,大信藥局,臺北市中山區林森北路159巷6號,225719080,121.525541514093,25.051699344432
N,承恩藥局,臺北市中山區林森北路119巷55號1樓,2562-5117、0225603749,121.526931620577,25.050360259797
Y,定好大藥局,臺北市中山區農安街１２５巷３４號１樓,225946788,121.529757838213,25.065971636061
Y,明美藥局,臺北市中山區長春路６９號１樓,25365419,121.526586745316,25.055021800861
Y,長生藥局,臺北市中山區松江路３６２巷５５號１樓,225816210,121.531313512109,25.062067438409
Y,能康藥局,臺北市中山區長春路４６號,225429426,121.525629282702,25.054817736424
Y,貢玄藥局,臺北市中山區錦州街２0７號,225637847,121.531962770817,25.060394074704
N,建元藥局,臺北市中山區德惠街79巷8號,25973380,121.528452919535,25.067058199228
Y,榮昌藥局,臺北市中山區雙城街十七之三號,,121.524415223031,25.064630678681
Y,華友藥局,臺北市中山區龍江路３５６巷２７號１樓,225007159,121.539861710652,25.066076232729
N,惠友藥局,臺北市中山區一江街６０號一樓,225712813,121.531408465018,25.054444390581
N,康仁藥局,臺北市中山區北安路578巷8弄3號,225323739,121.54886502745,25.080632378253
N,名章藥局,臺北市中山區興安街５１－５號１樓,225034331,121.54128173563,25.056207757358
Y,大直藥局,臺北市中山區北安路617號1樓,225320522,121.548837882998,25.082728323584
N,慈海藥局,臺北市中山區中原街一四三號,25940989,121.529131239359,25.064273770304
Y,永直藥局,臺北市中山區北安路595巷2弄6號,02-25336919,121.548295218313,25.08192617706
Y,蓁榛健康生活藥局,臺北市中山區合江街100之2號1樓,25097780,121.539110020511,25.058454207829
Y,中興藥局,臺北市中山區長安東路2段226號,02-27774628,121.542708853192,25.048180867193
Y,王中興藥局,臺北市中山區龍江路273號,2503-4281,121.540825942839,25.059556423911
Y,興耀生活藥局,臺北市中山區林森北路405號(1樓),02-25818210,121.525682268426,25.059432164569
N,視美藥局,臺北市中山區民權東路三段６０巷８號１樓,225019597,121.542304264707,25.061608019283
Y,百源堂大藥局,臺北市中山區長安東路二段四十七之五號一樓,225630711,121.532247392023,25.048571823962
Y,名祥藥局,臺北市中山區龍江路１６６號,225036265,121.540284026486,25.055048531489
N,家進藥局,臺北市中山區合江街１３１號,02-25162956,121.539311588919,25.060875404383
Y,順泰藥局,臺北市中山區錦州街266號1樓,225038916,121.53475021045,25.060253219602
Y,滿順藥局,臺北市中山區伊通街54號1樓,225075283,121.534654947698,25.051448160662
Y,優豐藥局,臺北市中山區民生東路一段三十二號,225602565,121.524222969358,25.057934917281
N,泰興藥局,臺北市中山區新生北路二段６２巷３２號,225371586,121.526336145014,25.05613101104
Y,阿里藥局,臺北市中山區錦州街251號1樓,225020638,121.534193815459,25.060393432658
N,仁?藥局,臺北市中山區合江街１２０號,225179448,121.539148407202,25.059265184877
N,金福星西藥局,臺北市中山區合江街79號,25000328,121.539279228052,25.058959679054
Y,良佑藥局,臺北市中山區撫順街６之２號１樓,225916402,121.521566565397,25.063669410186
N,第一藥局,臺北市中山區合江街１７巷６號,225030124,121.539449694456,25.055104405442
Y,立大藥局,臺北市中山區吉林路144巷14號,225313844,121.529577607985,25.055984374126
Y,武璋大藥局,臺北市中山區伊通街９７號之２,225072026,121.534893545003,25.05309619649
Y,長青藥局,臺北市中山區興安街５５號１樓,225053160,121.541887073112,25.056207075668
Y,晏晟藥局,臺北市中山區林森北路６２５號,225851445,121.525858581663,25.067034304738
Y,美日藥局,臺北市中山區天津街六十六號一樓,25631662,121.523274195046,25.051364336422
Y,人人藥局,臺北市中山區吉林路二六七號一樓,02-25630798,121.530398253779,25.062089849921
Y,文德藥局,臺北市中山區龍江路三五六巷十九號一樓,25181178,121.540087638804,25.066075393014
Y,展佑藥局,臺北市中山區長春路一四六之一號,25232803,121.531711198661,25.054727637009
Y,中崙藥局,臺北市中山區八德路二段三０七號,27114971,121.542608472149,25.047361729508
Y,祥泰藥局,臺北市中山區林森北路136號,02-25614200,121.525087141924,25.051419338611
Y,嘉恩藥局,臺北市中山區錦州街321號,25181418,121.538508002751,25.060325975447
Y,樂活苑藥局,臺北市中山區北安路546號1樓,25323296,121.547951965118,25.080140249382
N,麗亞藥局,臺北市中山區雙城街32號,25981065,121.524236060296,25.066340846586
Y,大愛藥師藥局,臺北市中山區吉林路255號,25424723,121.530391531623,25.061647327566
Y,久大藥局,臺北市中山區林森北路480號,25111594,121.525477584197,25.06126937781
Y,專心藥局,臺北市中山區伊通街112之2號,25155847,121.534725114183,25.054257604283
Y,康林藥局,臺北市中山區興安街105號,25171867,121.543770109541,25.056165823397
Y,民生興安藥局,臺北市中山區民生東路3段90之1號,25018310,121.543537956275,25.057458822083
Y,啟美藥師藥局,臺北市中山區錦州街282號,02-25178032,121.535237492403,25.060238635226
Y,華康藥局,臺北市中山區民生西路3巷2之1號,25211772、0938094500,121.521673246552,25.058248358268
Y,龍江藥局,臺北市中山區龍江路356巷14號,25023724,121.54029351829,25.065912563506
Y,躍獅晴光藥局,臺北市中山區農安街23之2號,25951393,121.524540288952,25.065007492444
Y,德惠藥局,臺北市中山區德惠街122號,25971131、0925859057,121.530042418676,25.066522117073
Y,金生藥局,臺北市中山區長安東路2段167之1號,(02)8772-9808、27312302,121.540680346718,25.048426207811
Y,興康源藥局,臺北市中山區中山北路1段140巷8號,25311248,121.521401608301,25.051433892256
Y,富宥康藥局,臺北市中山區北安路608巷5弄22號,02-25324769,121.549627393639,25.082628684517
Y,淮濟藥師藥局,臺北市中山區北安路570號,85098636,121.548557983016,25.080822072643
Y,逸帆藥局,臺北市中山區錦州街189號,955928458,121.531244111523,25.06041710497
Y,正傑健保藥局,臺北市中山區長安東路二段181號,2731-0181、0958056616,121.542569050914,25.048384554419
Y,錦西春天生活藥局,臺北市中山區錦西街10號,25312658,121.521574278845,25.060240081275
Y,中山藥局,臺北市中山區林森北路128號,25236979、0937661282,121.525039719231,25.051249534666
Y,保德明水藥局,臺北市中山區北安路608巷4弄1號,85097769,121.549290705854,25.081912285148
Y,廣福中西藥局,臺北市中山區錦州街406號,25189489,121.541659631561,25.060114081438
Y,大直健康藥局,臺北市中山區北安路591號,02-25323310,121.548643468282,25.081944065528
Y,娸淇藥局,臺北市中山區伊通街95號,25082762,121.534893532783,25.053054559102
Y,OK藥師藥局,臺北市中山區興安街95號,25170068,121.543464560398,25.056154609478
Y,昶青林森藥局,臺北市中山區林森北路119巷52號,02-25639939,121.526852047272,25.050181551433
Y,麗恩藥局,臺北市中山區林森北路575之5號,02-25981982,121.525798292661,25.065298765979
Y,建誠中西藥局,臺北市中山區龍江路385之1號,02-25158608,121.541046135434,25.065106444378
Y,誠意中西藥局,臺北市中山區林森北路613號,02-25950951,121.525824575432,25.066472843971
Y,長安藥局,臺北市中山區長安東路二段171-3號,02-27772740,121.541786046458,25.048400854995
Y,仁一藥局,臺北市中山區林森北路520號,02-25711742,121.525505573208,25.062326383625
Y,大直小太陽藥局,臺北市中山區北安路607-1號,85093208,121.548762073735,25.082409743459
Y,美康正康藥局,臺北市中山區北安路616之1號、618號2樓之1,25323077,121.54905176048,25.082425987718
Y,大直永安藥局,臺北市中山區北安路567之2號,02-25332125、0932959455,121.548172135277,25.080728352035
Y,元宏藥局,臺北市中山區北安路458巷41弄49號,02-25339728,121.546458419093,25.079401043708
Y,農安藥局,臺北市中山區農安街18之1號,02-25959293,121.52477320354,25.064832175101
Y,聖晨藥局,臺北市中山區農安街140號,,121.532165053707,25.064712407706
Y,錦州春天生活藥局,臺北市中山區錦州街213號、213號2樓,225213586,121.532102959447,25.060392028648
Y,中華藥局,臺北市中山區農安街45之1號,916009974,121.52653862207,25.064981866733
Y,農安盛康藥局,臺北市中山區農安街267號,25069164,121.535809134351,25.064764584167
N,新光藥局,臺北市松山區八德路三段99巷4號,225775672,121.553528132729,25.048717270538
Y,健全藥局,臺北市松山區民權東路三段１０３巷２０號,227128293,121.544910893763,25.063269432298
Y,李得安藥局,臺北市松山區民生東路五段３６巷８弄１１號一樓,287871655,121.559856471934,25.05733299192
Y,瑞昌大藥局,臺北市松山區民權東路三段103巷10號,227120030,121.544918463943,25.062984326022
Y,和諧藥局,臺北市松山區民生東路五段１４８號２樓,227568580,121.56215116836,25.058493571185
Y,德川中西藥局,臺北市松山區八德路4段96號,27683399,121.560659875577,25.048359800512
Y,安郁藥局,臺北市松山區八德路三段１２巷５１弄１６號１樓,225774551,121.55118150823,25.046086391313
Y,安世藥局,臺北市松山區南京東路四段１３３巷５弄９號,227133405,121.555561809222,25.052139813034
Y,明一藥局,臺北市松山區南京東路五段５９巷２８弄２５號１樓,227691654,121.558167891757,25.052704126857
Y,傑安藥局,臺北市松山區八德路二段４３７巷７弄８號１樓,27524155,121.547336959407,25.049139161068
Y,仁弘藥局,臺北市松山區民生東路三段１１３巷２５弄６號１樓,227136764,121.546585509494,25.05948486089
Y,益華藥局,臺北市松山區民生東路五段１３８巷６號,227624898,121.561546404589,25.058274320326
Y,德靈藥局,臺北市松山區富錦街５４８號,227646998,121.566673279329,25.061775206668
Y,合生藥局,臺北市松山區南京東路五段１２３巷４５號１樓,27602932,121.560747680798,25.053638011469
N,中崙五代全民藥局,臺北市松山區延吉街７之２號１樓,25700079,121.553499064044,25.047423532581
Y,上允藥局,臺北市松山區民生東路五段78號,227696905,121.559048540574,25.058363642487
Y,建東大藥局,臺北市松山區三民路９７號一樓,227676237,121.563397561204,25.057234520434
Y,延壽藥局,臺北市松山區延壽街３２７號,227685159,121.560362764192,25.056785879442
Y,萬泰藥局,臺北市松山區敦化北路222巷38號,27135891,121.547103281403,25.059942978259
Y,博荃藥局,臺北市松山區敦化北路4巷51號,27316736,121.544742492681,25.050063384768
Y,家音藥局,臺北市松山區民生東路五段73號,02-37652080,121.558488741906,25.0587089495
Y,中美藥局,臺北市松山區富錦街531號,27627468,121.565480861178,25.061284538146
Y,惠登藥局,臺北市松山區民生東路3段130巷34號,02-25472432,121.546113047923,25.056198186919
Y,松田藥局,臺北市松山區延吉街9-6號,25798005、0975577809,121.553549985871,25.047006887779
Y,予志藥局,臺北市松山區富錦街521號,02-27623522,121.564944298675,25.061186360347
Y,婕登藥局,臺北市松山區八德路4段699號,27482893,121.576644250047,25.050206983889
Y,晨安藥局,臺北市松山區八德路三段155巷20弄2號,25798460、0936818874,121.555326449911,25.049137404893
Y,銘德藥局,臺北市松山區八德路2段366巷28號,27511833,121.545925029627,25.047242234898
Y,立康大藥局,臺北市松山區八德路四段2之1號,27471749,121.558110936287,25.048116730881
Y,躍獅松和藥局,臺北市松山區八德路四段666之1號,27492569,121.576092363858,25.049790188721
N,京東藥局,臺北市松山區南京東路五段272號,27679503,121.566945073073,25.051139675021
Y,晨新藥局,臺北市松山區八德路四段91巷1之1號,,121.560760894051,25.04894394897
Y,躍獅京華藥局,臺北市松山區南京東路五段71號,(02)2766-6508,121.559561556731,25.051714754355
Y,綠之家藥局,臺北市松山區延壽街428號,,121.556216797031,25.056197010494
Y,康采藥局,臺北市松山區南京東路五段291巷17之2號,02-22578649,121.566253400597,25.05236349959
Y,誠康中西藥局,臺北市松山區南京東路5段59巷31弄43號,2761-9679,121.560722837953,25.053458022975
Y,唯康藥局,臺北市松山區八德路3段211號,25775000,121.556636592917,25.048196292691
Y,台北長庚維康藥局,臺北市松山區敦化北路199巷2弄1號,2719-9386,121.550039262213,25.055736990201
Y,專品南京藥局,臺北市松山區南京東路四段73號,25147685,121.553167277696,25.05184566035
Y,芝欣藥局,臺北市松山區八德路3段148號,25706677,121.554815312737,25.047991903813
Y,立赫敦北藥局,臺北市松山區敦化北路222巷20號,02-27199277,121.547742956303,25.05944651537
Y,富景藥局,臺北市松山區三民路145號,27455666,121.563097234309,25.060785038276
Y,健康活力藥師藥局,臺北市松山區民生東路五段219號,02-27455556,121.566929706003,25.059310128091
Y,啄木鳥藥局,臺北市松山區八德路四段209號(一、二層)、211號(一、二層),27422413,121.563956770292,25.048937140777
Y,玖田藥局,臺北市松山區八德路四段655號,02-27666578,121.575528680475,25.050178412226
Y,澄馨藥局,臺北市松山區三民路37號,27589614,121.563523803958,25.055800687898
Y,一安正昇藥局,臺北市松山區南京東路五段309號,02-27680993,121.56666614746,25.051553627527
Y,杏一延吉藥局,臺北市松山區延吉街32號,25798450,121.553503744595,25.04607546421
Y,松山八德藥局,臺北市松山區八德路二段400號,02-27782773,121.546570356956,25.048043187755
Y,新德大藥局,臺北市松山區饒河街204號,27474473,121.577035203262,25.050742714466
Y,光點延新藥局,臺北市松山區延壽街101號,27667795,121.565970461622,25.057161712905
Y,欣生藥局,臺北市松山區民生東路五段138巷1號,27567611,121.561698597422,25.058532108977
Y,杏一台北長庚藥局,臺北市松山區敦化北路199巷2弄3號,02-25149463,121.550037780819,25.055684876775
Y,立赫民生藥局,臺北市松山區民生東路四段72號,27139200,121.552416320842,25.057868500018
Y,佑全松山南京東藥局,臺北市松山區南京東路五段291巷7號,02-27687807,121.56624651181,25.052005221217
Y,安禾大藥局,臺北市松山區撫遠街382號,02-27602952,121.565624913024,25.064429478886
Y,巧心藥局,臺北市松山區八德路3段12巷57弄39之3號1樓,25703728,121.552139928356,25.045674132245
Y,躍獅敦北藥局,臺北市松山區民生東路四段80巷5號1樓,02-27155691,121.553125231744,25.057128956534
Y,慶昌藥局,臺北市松山區延吉街29號1樓,25770820,121.553705534051,25.045948888256
Y,順儷中崙藥局,臺北市松山區八德路3段74巷48號1樓,25796900,121.552449597479,25.04684932761
Y,晨心藥局,臺北市松山區民生東路3段101號1樓,02-27128386,121.544447718557,25.057986682027
Y,家育藥局,臺北市松山區民生東路5段216號1樓,02-27678639,121.565046805262,25.058848397641
Y,佑翔藥局,臺北市松山區民生東路5段95號1樓,02-87875070,121.559690327321,25.058805079363
Y,民生盛康藥局,臺北市松山區民生東路5段204號1樓,02-27460758,121.564769508666,25.058258396476
Y,杏一台北台安藥局,臺北市松山區八德路2段399號1樓,87728295,121.546528160892,25.048327672687
Y,大樹松山藥局,臺北市松山區民生東路5段107號1樓,02-27562226,121.560139483225,25.058775841371
Y,康麗藥局,臺北市松山區南京東路3段303巷20號(1樓),02-27174117,121.546811840462,25.053739038085
N,全欣藥局,臺北市松山區復興北路73號2樓,87729066,121.544240577452,25.051045969603
Y,榮星藥局,臺北市松山區南京東路四段１３３巷５弄１號,227124696,121.555234808634,25.052136521728
N,東北藥局,臺北市松山區新東街３巷２號,227612625,121.565922645116,25.057540422307
Y,百立藥局,臺北市大安區和平東路三段二二八巷六六號一樓,227327211,121.553406639334,25.020995189115
Y,宏恩藥局,臺北市大安區大安路一段一八一號一樓,227000956,121.546112612414,25.036187950293
Y,靜園藥局,臺北市大安區和平東路2段118巷57之1號,227336390,121.542921388711,25.02254142401
Y,延吉大藥局,臺北市大安區延吉街一五三號一樓,227819227,121.554791466601,25.040657393007
Y,北陸藥局,臺北市大安區和平東路三段二七八號一樓,227323594,121.555866369146,25.020998336003
Y,杏友藥局,臺北市大安區復興南路二段一五一巷二五號,227079451,121.544635029334,25.028469272962
Y,施寶藥局,臺北市大安區安東街五０之五號一樓,227114175,121.54256025814,25.042767576757
Y,燕福藥局,臺北市大安區羅斯福路三段283巷14弄14號之3,223627307,121.532682736824,25.018247401208
Y,龍護大藥局,臺北市大安區大安路一段二二四巷七號一樓,223250686,121.545444572679,25.034013897276
Y,寶德藥局,臺北市大安區樂利路一０五號一樓,227364240,121.552389347598,25.025123777299
Y,泰佑藥局,臺北市大安區安和路二段七二號一樓,227056841,121.551733247785,25.030107158323
Y,杏安堂藥局,臺北市大安區忠孝東路四段七七巷三０號一樓,227517636,121.547141588503,25.042921162897
Y,四維藥局,臺北市大安區復興南路二段一五一巷四三號一樓,227094222,121.545446850229,25.028455155421
Y,羅斯福藥局,臺北市大安區羅斯福路3段283巷9弄3號,02-23699606、0223634302,121.531295215207,25.019030940912
Y,赫慶藥局,臺北市大安區瑞安街二０八巷一一弄五號一樓,227063497,121.540808591052,25.028659590161
Y,吉成藥局,臺北市大安區泰順街7號,223636475,121.531585025321,25.025568374152
Y,大興藥局,臺北市大安區通化街三九巷五０弄一五號一樓,227053369,121.555477364498,25.030554772681
Y,永誠藥局,臺北市大安區忠孝東路4段216巷25之1號,227520273,121.553063473,25.039966895735
Y,正昌藥局,臺北市大安區通化街三八巷九號一樓,227540070,121.553715896644,25.030983218313
Y,建如藥局,臺北市大安區和平東路三段２２８巷１１號１樓,227331456,121.554342341296,25.021742072273
Y,生百藥局,臺北市大安區臨江街１２４號,227371011,121.553877921031,25.030235261696
Y,台安藥局,臺北市大安區和平東路二段三五三號一樓,27549099,121.546162965063,25.024868917695
Y,生光藥局,臺北市大安區忠孝東路三段二四八巷二號,27780862,121.541206902427,25.041353345037
N,千福藥局,臺北市大安區忠孝東路四段四十五號地下二樓,27403767,121.544882782865,25.041902440102
Y,永康藥局,臺北市大安區麗水街6之2號,23279362,121.528994570882,25.032891178505
N,祥瑞中西大藥局,臺北市大安區復興南路1段107巷49號,27752551,121.546060741484,25.043695495074
Y,世中欣藥局,臺北市大安區永康街2巷8號,2393-8947,121.529406803742,25.0331540532
Y,加豐藥局,臺北市大安區忠孝東路三段216巷3弄1號1樓,2721-9678,121.540265038811,25.041254728474
Y,崇光藥局,臺北市大安區忠孝東路3段305號7樓之3,27217958,121.543542154833,25.041886703338
Y,大愛健康藥局,臺北市大安區敦化南路2段63巷65號,27092156,121.551984196521,25.031031495881
N,千瑞藥局,臺北市大安區忠孝東路三段300號B3,77450558,121.543057073248,25.041211751019
Y,麗樺藥師藥局,臺北市大安區麗水街3號,23952628,121.529038406204,25.032245757481
Y,安和藥局,臺北市大安區安和路一段102巷3 號,27092349,121.551941310694,25.034331668336
Y,佑安藥局,臺北市大安區延吉街233巷9號,27069339,121.556129555657,25.037082614314
Y,弘昇藥局,臺北市大安區復興南路一段107巷32號,27110061,121.545787210938,25.043493531201
Y,長虹藥局,臺北市大安區忠孝東路4段216巷63號,227210232,121.553058284369,25.038204402337
Y,惠盈藥局,臺北市大安區辛亥路二段171巷31號,87321366,121.541193105731,25.022970565549
Y,聯合仁愛藥局,臺北市大安區大安路1段157巷3號,27039269,121.546319468458,25.037307781445
Y,一心藥局,臺北市大安區和平東路3段238號,,121.554876393901,25.021906070275
Y,信安健康藥局,臺北市大安區仁愛路4段122巷58號,,121.550116655212,25.033922799487
Y,新富川藥局,臺北市大安區大安路1段51巷4號,27114758,121.546392422494,25.043029078797
Y,聖英藥局,臺北市大安區仁愛路4段266巷15弄18號,02-27055851,121.553997067897,25.036541691474
Y,元氣生活健保藥局,臺北市大安區新生南路1段161巷6號,27060580,121.533827815405,25.034551974255
Y,康乃馨藥局,臺北市大安區建國南路1段327號,23257097,121.538210509487,25.034805961718
Y,世康藥局,臺北市大安區延吉街246號,27015758,121.555604833043,25.035491656456
Y,惠良藥局,臺北市大安區和平東路3段93之1號,0911661943、02-27387872,121.55072727008,25.024615343572
Y,愛維康生活藥局,臺北市大安區四維路170巷21號,27059791,121.547033511494,25.028317433202
Y,古亭健康人生藥局,臺北市大安區羅斯福路二段83號,23660895,121.523691189549,25.025723373942
Y,杏一瑞安藥局,臺北市大安區瑞安街208巷11弄1號,27096710,121.540646735429,25.028660982479
Y,好安心藥局,臺北市大安區和平東路二段98之2號,,121.541502937762,25.024931900933
Y,中山樂方藥局,臺北市大安區仁愛路四段112巷12號,,121.549579418086,25.036421735103
Y,誠心藥局,臺北市大安區忠孝東路3段199之1號,989250983,121.538931385093,25.041876315704
Y,安居藥局,臺北市大安區安居街19號,02-23773537,121.554935374433,25.020856236181
Y,躍獅新生藥局,臺北市大安區和平東路二段20號,02-23623367,121.536220963938,25.025663852289
Y,博大藥局,臺北市大安區安和路2段65號,27027858,121.552568494763,25.030626645519
Y,博昱仁愛藥局,臺北市大安區仁愛路4段65號,02-87739258,121.546868574419,25.03819422316
Y,忠孝康承健保藥局,臺北市大安區復興南路1段107巷4號,87733378,121.544399055392,25.043565034636
Y,微笑藥師藥局,臺北市大安區信義路3段31巷4號,27009655,121.534458314552,25.034006632534
Y,明星大藥局,臺北市大安區光復南路430之1號,27023747,121.557374743657,25.036184315317
Y,博昱師大藥局,臺北市大安區羅斯福路3段189號,02-23696966,121.528068752685,25.021090047067
Y,國泰維康藥局,臺北市大安區仁愛路4段266巷15弄20號,27542185,121.554100308195,25.036540159988
Y,奇威藥局,臺北市大安區雲和街93號,23651110,121.531151947537,25.023385816695
Y,艾登安和藥局,臺北市大安區安和路1段123號,931035186,121.552680806423,25.034880562131
Y,百岳藥局,臺北市大安區和平東路二段311巷11號,27551037、0922150236,121.545221826844,25.025137726103
Y,大安健康人生藥局,臺北市大安區信義路4段34號,27025553,121.544742298916,25.033158814728
Y,博昱大藥局,臺北市大安區樂業街148號、150號,23776199,121.552949997847,25.019977906215
Y,仁華藥局,臺北市大安區臥龍街155號,27336762,121.551093883067,25.018343301693
Y,吾家藥局,臺北市大安區信義路4段265巷6之1號,,121.554204749282,25.033722544134
Y,麗泰藥局,臺北市大安區復興南路2段151巷4號,27079595,121.543997674333,25.028319465696
Y,杏一樂業藥局,臺北市大安區樂業街162號,02-27383194,121.553459123437,25.019585384558
Y,博興藥局,臺北市大安區四維路198巷28號,23256668,121.545964141943,25.026614136166
Y,昶青藥局,臺北市大安區濟南路3段22之1號,27515678,121.534580616428,25.040086254956
Y,杏一台北國泰藥局,臺北市大安區仁愛路4段266巷15弄4號,02-27011785,121.553184938452,25.036553726932
Y,沛林東區生活藥袺藹,臺北市大安區忠孝東路4段181巷7弄5號,27763759,121.551040280199,25.042191072894
Y,奇異果大安藥局,臺北市大安區大安路1段190號,23250891,121.545887851847,25.035725924801
Y,太醫藥局,臺北市大安區師大路12號,02-23685125,121.528269945003,25.025681415302
Y,康維健保藥局,臺北市大安區敦化南路1段329巷15號,911327303,121.550022402013,25.034245965137
Y,康祥藥局,臺北市大安區忠孝東路4段216巷21號,02 27817891,121.553063106086,25.040254097815
Y,威康藥局,臺北市大安區和平東路2段297號,02-27061149,121.54473905623,25.024946096308
Y,佑全大安敦南藥局,臺北市大安區敦化南路2段63巷46號,02-23257579,121.551168590732,25.030889495737
Y,專品六張犁藥局,臺北市大安區基隆路2段217號1樓,02-87322226,121.551282564607,25.022989268486
Y,早安藥局,臺北市大安區建國南路2段151巷42號1樓,(02)27002209,121.539578172298,25.028647793291
Y,頤品中西藥局,臺北市大安區浦城街24之2號(1樓),02-23685656,121.526697220651,25.02295082983
N,躍獅敦和藥局,臺北市大安區和平東路3段10號,02-23785767,121.546992729595,25.024526943349
N,中力信義藥局,臺北市大安區信義路4段51號(1樓),02-23250266,121.544997260877,25.033543929619
N,弘昌藥局,臺北市大安區通化街139號,02-27321616,121.553977178864,25.029010287714
Y,師大藥局,臺北市大安區師大路九十九號一樓,223623479,121.528508967751,25.022709660089
Y,新廣生藥局,臺北市大安區仁愛路4段34號,0910086921、0227071221,121.546721960512,25.037619557176
N,徐榮三藥局,臺北市大安區通安街八九號一樓,227383515,121.553236202177,25.030142026364
Y,順天堂藥局,臺北市大安區龍泉街96號,223627149,121.529202615868,25.022563826158
Y,辰安藥局,臺北市大安區大安路一段31巷28號,227119536,121.547181178487,25.043847793007
N,欣榮藥局,臺北市大安區瑞安街二七０號一樓,227023710,121.539198703272,25.026244583482
N,寶康大藥局,臺北市大安區忠孝東路4段52號9樓,227217177,121.545059379888,25.041391652345
Y,青康藥局,臺北市大安區延吉街二四八號一樓,227086623,121.555680622481,25.035316165415
Y,長泰藥局,臺北市萬華區西園路二段２８０號,223012869,121.494212979496,25.027528227432
Y,光華藥局,臺北市萬華區華西街19之5號,02-23613609,121.498545360919,25.03891688203
Y,裕和藥局,臺北市萬華區萬大路１１５、１１７號,223063219,121.500708243755,25.030994929855
Y,秀全藥局,臺北市萬華區開封街二段66－３號,223312192,121.506147340659,25.046693214595
Y,大嘉藥局,臺北市萬華區梧州街46巷6號,02-23363804,121.497354105067,25.03631840191
Y,生活大藥局,臺北市萬華區貴陽街二段124號,223618609,121.502500259196,25.039949114756
Y,民鈺藥局,臺北市萬華區環河南路二段１３９號１樓,223028466,121.493256337811,25.033961924723
Y,皇祥藥局,臺北市萬華區萬青街１６５號１樓,223375676,121.501625963944,25.022789611011
Y,安聖藥局,臺北市萬華區西園路二段２５６號一樓,223037620,121.494659553689,25.027909453489
Y,聯慶大藥局,臺北市萬華區萬大路306號,23039850,121.500258191938,25.024953342655
Y,信義藥局,臺北市萬華區青年路２８號,223074599,121.505162826295,25.025812773329
Y,益源藥局,臺北市萬華區大理街１６０巷２６弄２號,223087321,121.493851212077,25.032116658619
Y,欣安藥局,臺北市萬華區東園街190、192號,22265758,121.495606028902,25.02759100227
N,新六福藥局,臺北市萬華區漢口街二段５５號一樓,223315101,121.50618649746,25.045945166389
N,上欣藥局,臺北市萬華區漢口街二段20巷3號,,121.508075312963,25.045139271624
Y,三源藥局,臺北市萬華區康定路197號,02-23022111,121.501515321658,25.036257326052
N,照安藥局,臺北市萬華區東園街144號,02-23039645,121.497527863682,25.023445743391
Y,康之友藥局,臺北市萬華區青年路20號,02-23011598,121.50551998265,25.025920970992
N,仁仁藥局,臺北市萬華區康定路219號,,121.501409222048,25.035660537434
Y,健誠大藥局,臺北市萬華區環河南路二段185號,23042223,121.491922545713,25.032465581994
Y,躍獅西園藥局,臺北市萬華區西園路二段260號,23094063,121.494581770452,25.027843066658
Y,吉安藥局,臺北市萬華區廣州街182號,23085268,121.498621211827,25.036645036202
Y,好視多藥局,臺北市萬華區萬大路285號,02-23018100,121.500562682957,25.025187536533
Y,專品藥局,臺北市萬華區長沙街二段71之1號,23718892,121.50512873597,25.040617364632
Y,偉安藥局,臺北市萬華區西藏路109號,02-23037186,121.503311954229,25.029656717566
Y,萬華藥局,臺北市萬華區萬大路248號(實際營業地址:1樓、2樓),02-23012221,121.500315581359,25.026260539965
Y,萬華健業藥局,臺北市萬華區東園街68之3號,963082098,121.496498780567,25.025695708595
Y,華達藥局,臺北市萬華區環河南路二段171號,23082785,121.492362002315,25.032955049267
Y,榮勝藥局,臺北市萬華區萬大路233號,02-23331121,121.500594873903,25.026491333649
Y,安誠貴陽藥局,臺北市萬華區貴陽街二段148號,02-23812190,121.50157090565,25.040171051028
Y,千誠北護藥局,臺北市萬華區內江街114號,02-23123530,121.503407210332,25.041525358856
Y,松本藥局,臺北市萬華區西昌街233號,02-23029559,121.500654214599,25.037227104697
Y,日森人文藥局,臺北市萬華區和平西路三段149號,23082100,121.498769508166,25.035426970448
Y,柏祥藥局,臺北市萬華區西藏路141號,23018272,121.501673008605,25.029443371618
Y,青年宏越藥局,臺北市萬華區青年路44號,23011037,121.504163747995,25.025503764966
Y,正盛藥局,臺北市萬華區中華路2段434之1號,02-23050386,121.506399634809,25.027076781564
Y,啟仁藥局,臺北市萬華區環河南路2段177號,02-23362771,121.492039308633,25.03259286223
Y,恩達藥局,臺北市萬華區梧州街64號,23024467,121.497499802859,25.035693782287
Y,富安藥局,臺北市萬華區萬大路426號,223377878,121.498114284179,25.020959913956
Y,和德藥局,臺北市萬華區西園路2段292號1樓,02-23331522,121.493537123031,25.026982257697
Y,西園宏越藥局,臺北市萬華區西園路2段213號,02-23097336,121.494238080738,25.027137884895
Y,艾米力藥師藥局,臺北市萬華區西藏路107之2號(1樓),02-2303-6583,121.503456252269,25.029553046462
Y,展源健康藥局,臺北市萬華區國興路104號(1樓),223035179,121.505404687367,25.027433618818
Y,忠信藥局,臺北市萬華區東園街２８巷６３號１樓,223038103,121.494507705864,25.026115788948
Y,建和藥局,臺北市萬華區青年路１６８巷４４號,223010838,121.501611615862,25.019873518282
N,厚元藥局,臺北市萬華區康定路２２７號,223027883,121.501375659677,25.035465769758
Y,老永茂大藥局,臺北市萬華區廣州街６４號１樓,223064417,121.503172475295,25.036485940529
Y,信昌藥局,臺北市萬華區長泰街３６號１樓,223054898,121.500693433284,25.023359667195
Y,民和藥局,臺北市萬華區民和街５號１樓,223038134,121.499962133184,25.026276806151
Y,您永安藥局,臺北市萬華區昆明街一六二號,223317119,121.504577392889,25.042163387182
Y,日昇藥局,臺北市萬華區廣州街１２４號,223062975,121.501637040928,25.036537626395
N,裕弘藥局,臺北市萬華區萬大路４８６巷７７號,223032067,121.495401624698,25.020673495901
N,長愛藥局,臺北市萬華區萬大路３０４號３樓,223052346,121.500262143208,25.024984557659
N,龍口藥局,臺北市萬華區艋舺大道一二○巷三十五號,223365680,121.502274878609,25.032061805266
N,立昌藥局,臺北市萬華區萬大路486巷59弄38號,0223076456,121.495331121593,25.019748662452
N,博盛藥局,臺北市萬華區西昌街一四二之一號,23881912,121.500536405393,25.038989166437
Y,健華藥局,臺北市萬華區康定路３２８號,23063083,121.50119397136,25.035644281663
Y,永康大藥局,臺北市萬華區桂林路49號,02- 23317675,121.504185583945,25.038067752776
Y,寶興大藥局,臺北市萬華區寶興街119號,02-23013375,121.494772918486,25.025294167809
Y,瑞生藥局,臺北市萬華區西園路二段252號,02-23012159,121.494770920806,25.028003670559
Y,世欣藥局,臺北市萬華區東園街173號一樓,23074263,121.497343993759,25.024188886542
Y,昆陽藥局,臺北市信義區林口街230號,27274814,121.581312632759,25.04247952147
Y,綠杏大藥局,臺北市信義區吳興街241號,27582378,121.563492863537,25.027450317747
Y,鴻濟藥局,臺北市信義區永吉路326巷2號1樓,2764-5331,121.575390779255,25.045068539366
Y,信桉藥局,臺北市信義區莊敬路236號,87860005,121.562088319245,25.029598050194
Y,安佑藥局,臺北市信義區吳興街247號1樓,27222236,121.563590076594,25.02733058911
Y,安心藥局,臺北市信義區永吉路30巷148弄4之1號,27474992,121.568544078949,25.042657508009
Y,九州藥局,臺北市信義區和平東路三段239號,87323331,121.554315264822,25.022936263515
Y,永吉藥局,臺北市信義區永吉路213號,87874043,121.573872139752,25.045714771813
N,躍獅松仁藥局,臺北市信義區松仁路233號(實際營業地址:1樓),27238626、0928470509,121.568768700158,25.026174131232
Y,榮泰藥局,臺北市信義區光復南路419巷19號,77296777,121.55815117525,25.036586002698
Y,皇昇大藥局,臺北市信義區松山路210號,27663886,121.577633323484,25.045087923279
Y,貴臨藥局,臺北市信義區永吉路326巷19號,27493768,121.575545585928,25.044573862504
Y,三立藥局,臺北市信義區忠孝東路5段492巷34號,27271401,121.578303710012,25.039649626189
Y,大鳥藥局,臺北市信義區莊敬路354號,0970501383、23455025,121.564341638513,25.027716756957
Y,濟生中西藥局,臺北市信義區崇德街41號,27358452,121.554198897778,25.024363296655
Y,正和藥局,臺北市信義區吳興街225巷6號,23455186,121.563421701092,25.027817569397
Y,上禾藥師藥局,臺北市信義區林口街27號,,121.579163752938,25.037414301711
Y,荐荃藥師藥局,臺北市信義區虎林街68之3號,,121.577035278354,25.04447892314
Y,新永春藥局,臺北市信義區忠孝東路5段423巷1號,,121.575264250404,25.041262971778
Y,康怡健保藥局,臺北市信義區吳興街467巷2弄12號,27206193,121.569529248708,25.023808015113
Y,良美藥局,臺北市信義區福德街268巷37號,227593659,121.585436939106,25.04032985114
Y,惠群藥局,臺北市信義區忠孝東路四段559巷38號,227679234,121.563766359879,25.043085569135
Y,福華藥局,臺北市信義區吳興街２８１巷３號１樓,227208527,121.564348569977,25.026558799847
N,老上德藥局,臺北市信義區信義路六段１１８號,227273864,121.578213417994,25.036091268815
Y,光成藥局,臺北市信義區光復南路４５７號之３,227587069,121.557740459263,25.034485089458
Y,大順安藥局,臺北市信義區吳興街８４號,227360639,121.560631061926,25.030562226383
Y,立信藥局,臺北市信義區松山路４０３號１樓,227687754,121.577991277971,25.041443006419
Y,喜樂藥局,臺北市信義區松德路125號,27275797、0918383566,121.575286907529,25.037516274217
Y,馨馨藥局,臺北市信義區虎林街82巷19號,,121.576377446396,25.043364230386
N,大?藥局,臺北市信義區忠孝東路5段372巷27弄18號,87896835,121.574450162856,25.039579791856
Y,新興健保藥局,臺北市信義區永吉路30巷113號,02-27494892,121.568867421125,25.043241603512
Y,松德盛康藥局,臺北市信義區松德路40號,,121.57668951141,25.038958303261
Y,富熙仁康藥局,臺北市信義區松仁路260號,2758-7608,121.569544805554,25.024319124554
Y,洪暘藥局,臺北市信義區富陽街86號,27337099,121.556430420463,25.021273929768
Y,專品光復藥局,臺北市信義區光復南路467之1號,02-27586682,121.557670328119,25.033837868867
Y,仁聖藥局,臺北市信義區信安街151號,02-87324166,121.555408652013,25.022892991659
N,尚頤中西藥局,臺北市信義區虎林街145號,910122059,121.576720616651,25.039593765542
Y,北一健康人生藥局,臺北市信義區吳興街255號,27583945,121.563734358568,25.027152857136
Y,博亞藥局,臺北市信義區莊敬路462號,02-2758-0506,121.567727991424,25.026718565692
Y,松美藥局,臺北市信義區市民大道6段320號(實際營業地址:1樓),,121.579748152296,25.048771426426
Y,艾登市府藥局,臺北市信義區忠孝東路5段15巷11號,926813309,121.565799068782,25.041946212524
Y,躍獅永吉藥局,臺北市信義區永吉路520號,27059791,121.580354911377,25.045211698764
Y,杏一後山埤藥局,臺北市信義區忠孝東路5段778號(實際營業地址:1樓),,121.581566163422,25.043400724512
Y,立赫北醫藥局,臺北市信義區吳興街118巷26弄17號,02-2732-0100,121.559898043629,25.030064744351
Y,柏愛藥局,臺北市信義區基隆路2段131之9號,2732-5472,121.556736311295,25.027881165594
Y,壹間藥師藥局,臺北市信義區虎林街120巷148號,27672833,121.574154087269,25.042133370803
Y,御安藥局,臺北市信義區和平東路3段359號,2732-3997,121.557036592386,25.020376669942
Y,杏一光復藥局,臺北市信義區光復南路449之1號,87804626,121.557794152979,25.034880624094
Y,躍獅光復藥局,臺北市信義區光復南路417之8號,87862307,121.557725791051,25.036818582799
Y,躍獅興雅藥局,臺北市信義區松德路128號,87808429,121.57448168417,25.037341419584
Y,上好藥師藥局,臺北市信義區永吉路30巷101弄48號,27677088,121.570102543148,25.043431333252
Y,北一忠孝藥局,臺北市信義區忠孝東路5段524巷1弄16號1樓,23464572,121.580151213169,25.041335270977
Y,富凱藥師藥局,臺北市信義區林口街18號1樓,27282685,121.579366625487,25.037185254959
Y,吳興春天藥局,臺北市信義區吳興街137號1樓,2758-5617,121.56179802974,25.02947464165
Y,寶春藥局,臺北市信義區虎林街119之19號1樓,0927-945299,121.577095248228,25.041119349419
Y,信義盛康藥局,臺北市信義區永吉路286號(1樓),23460521,121.574421449077,25.045377726885
Y,日安藥局,臺北市信義區松仁路240巷13號1樓,(02)2720-3775,121.569099078032,25.02453977122
Y,光點信義松仁藥局,臺北市信義區松仁路160號1樓,(02)2758-1850,121.568210184581,25.028439105963
Y,詠晴中西藥局,臺北市信義區松山路484之4號(1樓含夾層),27266890,121.577839585495,25.038900452523
N,愛維喜藥局,臺北市信義區莊敬路278號,02-27586989,121.562707056028,25.028822969769
Y,必欣藥局,臺北市信義區松仁路２６４號,227225060,121.569583985809,25.024253006368
Y,臺陽藥局,臺北市信義區大道路６１號,227283403,121.582335797518,25.041359261974
Y,松隆藥局,臺北市信義區虎林街65號,227684033,121.577073484849,25.046042140966
Y,杏康藥局,臺北市信義區忠孝東路五段３７２巷２７弄６８－２號１樓,23457422,121.575298217592,25.039756069512
Y,慧生藥局,臺北市信義區松山路３１０號,227647138,121.577657094279,25.042561471237
Y,鼎泰藥局,臺北市信義區基隆路一段１５５號１樓,227620617,121.565336053633,25.042215674672
Y,松山大藥局,臺北市信義區永吉路４３６號,227600097,121.578132355372,25.045264466329
N,信隆藥局,臺北市信義區仁愛路四段496巷5號,227296953,121.560470975501,25.037036212743
N,力康藥局,臺北市信義區吳興街１６６－１號１樓,227375368,121.562005845083,25.028958037433
N,統一藥局,臺北市信義區永吉路３０巷２８弄５號１樓,227688218,121.568376420712,25.044628682302
N,詔安藥局,臺北市信義區信義路五段１５０巷４１１弄１７號,227203983,121.570678155237,25.023814388529
Y,吳興藥局,臺北市信義區吳興街二七九號一樓,27208328,121.564193461299,25.026580920596
Y,杏仁藥局,臺北市信義區大道路１３５號,27262541,121.58344620745,25.039009071112
Y,百康藥局,臺北市信義區基隆路2段131之20號,27364377,121.556349304461,25.027510116314
Y,佑華藥局,臺北市信義區忠孝東路五段五0八之四號一樓,27595719,121.57871792123,25.040754950061
Y,新和平藥局,臺北市信義區虎林街一九八號一樓,23460951,121.576882836306,25.038440733656
Y,得揚藥局,臺北市信義區忠孝東路五段四五二號一樓,87884667,121.576321660858,25.040690062499
Y,華泰藥局,臺北市信義區虎林街八十二巷五號,27601992,121.576905266886,25.043347764026
Y,德康大藥局,臺北市信義區松山路五四一巷二十一號,27272502,121.578984081696,25.037941787954
Y,皇佳大藥局,臺北市信義區松山路541巷19號,27262555,121.578888890814,25.037927154223
Y,好康藥局,臺北市信義區莊敬路414號,27232979,121.566199008061,25.027156796758
Y,麗中藥局,臺北市信義區福德街217號,27594416,121.584740302649,25.038409379939
Y,文興藥局,臺北市信義區福德街245號,27590989,121.585857317464,25.038739387387
Y,康杏藥局,臺北市信義區福德街306號1樓,27591510,121.587359814024,25.03930647387
Y,今欣藥局,臺北市士林區天母西路41巷9號1樓,28725985,121.527375569814,25.119312822692
Y,資生堂藥局,臺北市士林區承德路四段40巷17號1樓,28857588,121.52202227225,25.081072017048
Y,社子全民藥局,臺北市士林區延平北路五段120號,28127412,121.510565498994,25.081693595778
Y,康華藥局,臺北市士林區中山北路七段14巷二號二樓,28743223,121.531072892749,25.118635497667
Y,安泰藥師藥局,臺北市士林區延平北路六段83號(實際使用：1、2樓),28166977,121.508665699572,25.088436705829
Y,家赫藥局,臺北市士林區忠義街80號1樓,2834-6453,121.531716668127,25.106140646956
Y,得安藥局,臺北市士林區文林路140號,28748909,121.52666006141,25.088775575172
Y,達揚藥局,臺北市士林區社正路36號1樓,88115559,121.509901106943,25.088771116489
Y,和樹藥局,臺北市士林區後港街45巷1號1樓,2882-1188,121.522772419801,25.084438009029
Y,博信藥局,臺北市士林區延平北路六段61號,28128295,121.508763626108,25.087877705572
Y,芳圓藥局,臺北市士林區社子街26之1號,28168666,121.507966355563,25.087495390863
Y,柏雅大藥局,臺北市士林區德行西路64號,,121.522685300861,25.105057720924
Y,麗登藥局,臺北市士林區文林路261號,02-28881414,121.526653155422,25.091081078032
Y,信光藥局,臺北市士林區文昌路68號,02-28366277,121.521357616963,25.096194242889
Y,幸福藥局,臺北市士林區德行東路109巷8號,02-28346650,121.528394177404,25.10812067231
Y,天爵藥局,臺北市士林區中山北路6段450巷1號,28733759,121.527638621126,25.114246694442
Y,石川藥師藥局,臺北市士林區忠義街70號,,121.531419988029,25.105943500546
Y,誼安藥局,臺北市士林區通河街42號,,121.521469446678,25.080442485022
Y,聖賢藥局,臺北市士林區士商路58號,02-28833046,121.520032520868,25.090564374438
N,美麗田藥局,臺北市士林區通河街78號,0937920670、28855990,121.520435973419,25.080900764992
Y,大東健保藥局,臺北市士林區大東路86之4號,28834672,121.525671908192,25.09131395102
Y,健揚藥局,臺北市士林區延平北路五段251號,02-28163698,121.509682974824,25.084826564333
Y,新興藥局,臺北市士林區德行西路１１７號,228362643,121.52062054364,25.103976827741
Y,坤成泰藥局,臺北市士林區大南路４１２號,228813903,121.516172292058,25.08995552461
Y,杏城藥局,臺北市士林區天母東路２４號,228725144,121.532249035251,25.117636991238
Y,文祥藥局,臺北市士林區光華路２６巷２弄２號,28623487、28629953,121.542046842188,25.137490853644
Y,建芳藥局,臺北市士林區德行東路１４８號,228357172,121.529556330813,25.108038064446
Y,慈航藥局,臺北市士林區文林路４４１號,228815988,121.52456869858,25.094807322999
N,宏大藥局,臺北市士林區社子街63巷9弄2-1號,228111449,121.507181287035,25.087866754749
Y,博惠藥局,臺北市士林區華榮街１６號,228320379,121.523601689606,25.095486342336
Y,有德堂大藥局,臺北市士林區中山北路六段２２７號,228318387,121.52511507867,25.108884452255
Y,安寧藥局,臺北市士林區劍潭路91號,228803319,121.519909238148,25.082845897523
N,博泰藥局,臺北市士林區社中街３６７號,228128612,121.503811259414,25.0922254123
N,華倫藥局,臺北市士林區永平街８０巷１０號１樓,228116545,121.50551510261,25.091519943136
Y,詠恩藥局,臺北市士林區延平北路五段316號1樓,28119479,121.509575231519,25.086192679476
Y,仁大藥局,臺北市士林區社子街13號1樓,88113793,121.508333104329,25.087690494925
Y,三光藥局,臺北市士林區延平北路五段320號1樓,28123786,121.509548506862,25.086279422449
Y,光榮藥局,臺北市士林區社中街118號,02-28136060,121.510345440025,25.089901335331
Y,天母康甯健保藥局,臺北市士林區克強路8號,02-28366631,121.524531517002,25.108907029203
Y,大南春天生活藥局,臺北市士林區大南路317、319號,28882196,121.526234070882,25.088913030666
Y,和謙藥局,臺北市士林區社中街362號,02-28165678,121.504051454893,25.092420947402
Y,躍獅忠誠藥局,臺北市士林區忠義街70號,(02)28387948,121.531419988029,25.105943500546
Y,祥新藥局,臺北市士林區社子街65號,02-28110906,121.50674542412,25.087513423572
Y,天母台安藥局,臺北市士林區天母西路34號,28728017,121.526216935225,25.118348245321
Y,華齡春天生活藥局,臺北市士林區華齡街36、38號,28882156,121.519979489307,25.086866550722
Y,德行春天生活藥局,臺北市士林區德行東路76號,28380306,121.527464080844,25.107302128045
Y,家安健保藥局,臺北市士林區德行東路109巷119號,28322182,121.528778246108,25.111562167781
N,後港五代全民藥局,臺北市士林區和豐街6號,02-28818914,121.519183650946,25.082788265843
Y,康佑藥局,臺北市士林區延平北路五段176號,(02)28119981,121.510287356013,25.082994673103
Y,愛佳藥局,臺北市士林區承德路四段222之1號,02-28811199,121.521472733787,25.088501677378
Y,安奕藥局,臺北市士林區葫蘆街30巷12號,(02)28133289,121.509930592065,25.080337517048
Y,全予藥局,臺北市士林區德行東路221號,02-28386955、0912689565,121.532885308193,25.109384997633
Y,前港盛康藥局,臺北市士林區前港街28號,28831079,121.522050186251,25.084598560302
Y,太和堂中西藥局,臺北市士林區大東路74號(實際使用:1樓),28814122,121.525678703674,25.090365947966
Y,佩佩藥局,臺北市士林區中山北路六段182號,02-28382662,121.525200944811,25.107586805544
Y,容育藥局,臺北市士林區延平北路六段8號(實際使用:1樓),28113680,121.509270544373,25.08712115873
Y,躍獅芝山藥局,臺北市士林區福華路154號(實際使用:1樓),02-28365822,121.522730909259,25.103569508781
Y,三原藥局,臺北市士林區延平北路五段293號(實際使用:1樓),02-28111888,121.509407447035,25.085898670357
Y,士東藥局,臺北市士林區士東路91巷3號,02-28760588,121.529059125066,25.112564393178
Y,杏一士林延平藥局,臺北市士林區延平北路5段250號(1樓)、252號1樓,02-28112937,121.509953725735,25.084677032463
Y,文昌春天藥局,臺北市士林區文昌路44號(1樓),02-28838539,121.521552815407,25.095622498045
Y,文昌大藥局,臺北市士林區文昌路72號1樓,02-28376196,121.521265132702,25.096340867038
Y,忠義台安藥局,臺北市士林區忠義街72號1樓,02-28380685,121.531526447084,25.106000934364
Y,向宇藥局,臺北市士林區德行東路217號1樓,88661101,121.532763015918,25.109347077085
Y,天母盛康藥局,臺北市士林區天母東路8巷84號1樓,02-28720208,121.530432803395,25.114835145066
Y,中山盛康藥局,臺北市士林區中山北路7段162號1樓,02-28771887,121.532709996081,25.124165258671
Y,德行盛康藥局,臺北市士林區德行東路206之1號1樓,02-28348756,121.531987046781,25.108897903216
Y,社正藥局,臺北市士林區社正路12號1樓,02-28118704,121.509277586199,25.088537598862
Y,藥本家藥局,臺北市士林區中山北路7段14巷26號1樓,02-28766682,121.532773765573,25.118845073456
Y,南風藥局,臺北市士林區美崙街19號1樓,228320375,121.523331152936,25.097155874201
Y,菁安藥局,臺北市士林區美崙街13號1樓,228323951,121.523455877139,25.097174699933
N,景正藥師中西藥局,臺北市士林區福港街１５２號,228838762,121.517830212906,25.087531136465
Y,佳赫藥局,臺北市士林區文昌路62號,228367202,121.521379151154,25.096049276434
N,勝泰藥局,臺北市士林區文林路７１４巷１１號,228326251,121.521151363183,25.102758366018
Y,士林三安藥局,臺北市士林區大南路１１號,228812631,121.526008674195,25.088980844951
Y,?宏藥局,臺北市士林區大東路９０之１號,228825811,121.525628141037,25.09145850937
Y,太安藥局,臺北市士林區延平北路五段157號,228111468,121.510130201818,25.082511815422
Y,田倉藥局,臺北市士林區士東路124號,02-88662188、0228343600,121.530158102893,25.112193317253
Y,日康藥局,臺北市士林區士東路１２號１樓,228358558,121.526736876713,25.111677877817
Y,環安藥局,臺北市士林區大南路２４４號１樓,228828478,121.520535513623,25.088600945301
N,正陽藥局,臺北市士林區華齡街１１號１樓,228815711,121.519429340101,25.082668172741
Y,加赫藥局,臺北市士林區文昌路76號,228336362,121.52121479877,25.09646283195
Y,麗森藥局,臺北市士林區天母西路51號,02-28714152,121.526935332335,25.118543316372
Y,天母大和藥師藥局,臺北市士林區德行東路189之1號１樓,228310142,121.531664840091,25.108967328508
Y,陽明藥局,臺北市士林區菁山路十號一樓,228612863,121.546887401953,25.13797205905
Y,康鈺藥局,臺北市士林區德行東路133號1樓,28313915,121.529209631495,25.108088450549
Y,妮妮藥局,臺北市北投區中央南路一段187號,937075675,121.501371332209,25.128842303629
N,明正藥局,臺北市北投區永興路二段19號,02-28949409,121.501475429489,25.140029742813
Y,石牌藥局,臺北市北投區石牌路一段４９號,228214986,121.510583106177,25.113297311686
Y,進春藥局,臺北市北投區明德路１５１號,228216938,121.520642517044,25.110863272974
N,石牌大眾藥局,臺北市北投區致遠一路二段７號,228232565,121.514391273605,25.110932758251
Y,德昇藥局,臺北市北投區裕民二路２０號,228217565,121.5169424398,25.115991541932
N,福德大藥局,臺北市北投區中央北路二段１９號,228920294,121.496058401022,25.136444065937
Y,新祥藥局,臺北市北投區知行路２０８號之１,228582551,121.466819872732,25.119352028175
Y,啟春藥局,臺北市北投區崇仁路一段１０２號１樓,228918244,121.501701525525,25.125299093471
N,東陽西藥局,臺北市北投區中央南路一段２０３號,228914208,121.501322993166,25.128457531125
Y,世全藥局,臺北市北投區知行路２7３號,228585378,121.467148352846,25.121298811813
Y,名山藥局,臺北市北投區東陽街４７５號１樓,228226101,121.519911179465,25.112307855584
N,正仁藥局,臺北市北投區建民路１６１之９號,228212985,121.519458495008,25.111234278673
N,石牌日春藥局,臺北市北投區自強街５巷１０７號,228270455,121.511331037656,25.112026289238
Y,聯合藥局,臺北市北投區石牌路一段二十三號,28270306,121.509913332359,25.112930271466
Y,玉山藥局,臺北市北投區光明路一四五號,(02)28917161,121.502502760189,25.134498702161
Y,實踐藥局,臺北市北投區實踐街十三號,28210435,121.507720823107,25.114872733846
Y,祐民藥局,臺北市北投區中央南路一段二○九號一樓,28975339,121.501684842525,25.132171825832
Y,北投春天藥局,臺北市北投區中央南路一段76號,(02)28916668,121.501125724215,25.131344856915
Y,致遠春天藥局,臺北市北投區致遠一路一段132號1、2樓,28253253,121.514918455211,25.110438531645
Y,尊賢藥局,臺北市北投區尊賢街212號,02-28270505,121.508030610238,25.115507380292
Y,漢藥局,臺北市北投區吉利街146號,02-28236598,121.507964390652,25.118537010744
Y,振生大藥局,臺北市北投區中央北路三段61號,02-28977292,121.484797911633,25.137810295252
Y,怡人藥局,臺北市北投區自強街168號,28211598,121.516989536512,25.111089566648
Y,全家藥袺藹,臺北市北投區光明路166之2號,02-28988685,121.502693530172,25.135084423394
Y,吉利春天生活藥局,臺北市北投區吉利街120號,(02)28253256,121.506815589109,25.118509488978
Y,生活藥局,臺北市北投區光明路213號,2893-3312,121.503760875375,25.136190095199
Y,理得藥局,臺北市北投區石牌路一段150號,2828-9680,121.513103633875,25.114258769777
Y,天富大藥局,臺北市北投區石牌路二段171號(實際使用:1樓),,121.518019952601,25.118481911163
Y,天康大藥局,臺北市北投區中央南路一段57號,02-28930168,121.501426866604,25.131919698297
Y,良哲藥局,臺北市北投區明德路157之4號(實際使用:1樓),02-28285516,121.52088378433,25.111287437149
Y,躍獅光明藥局,臺北市北投區光明路51號(實際使用:1樓)及53號(實際使用:1樓),02-28915993,121.499814321217,25.132862468914
Y,永欣中西藥局,臺北市北投區中和街501號,28910307,121.49470225198,25.145197196416
Y,陳藥師藥局,臺北市北投區光明路2巷13之2號(實際使用:1樓),02-28921971,121.499660135812,25.131319363193
Y,江南育仁大藥局,臺北市北投區育仁路55號1樓,02-28981850,121.498068732416,25.133615404288
Y,心樂藥局,臺北市北投區致遠一路2段105號1樓,02-28210261,121.512794747337,25.113099161127
Y,致遠盛康藥局,臺北市北投區致遠二路141號1樓,02-28263580,121.512787306276,25.117297527371
N,康賢藥局,臺北市北投區西安街1段359號1樓,02-28219295,121.515313753345,25.114288282173
Y,天蓮藥局,臺北市北投區石牌路一段１６６巷１１５號,228211824,121.515515096626,25.111917675517
Y,丸三大藥局,臺北市北投區自強街１０５號,228230637,121.515266835608,25.110859435254
Y,川秀藥局,臺北市北投區石牌路二段九九巷九號一樓,228212290,121.516637010978,25.117921466725
Y,建民藥局,臺北市北投區光明路161號,228912339,121.502670781527,25.135380492399
Y,昌源藥局,臺北市北投區中央北路四段４８５號,228928695,121.469233054776,25.128426172526
Y,益元藥局,臺北市北投區光明路１０６號,228912675,121.501316687614,25.133093485248
Y,九福藥局,臺北市北投區公館路２３６號,228953009,121.508068045891,25.126124685045
Y,弘安藥局,臺北市北投區懷德街３３號１樓,228206390,121.519337699219,25.112188411531
Y,黎明藥局,臺北市北投區尊賢街２５３之１號,228223795,121.50656251141,25.118173329251
Y,明華藥局,臺北市北投區清江路8號(實際使用:1樓),228971056,121.501464345324,25.13156545721
Y,美康藥局,臺北市北投區明德路９０號１樓,228281176,121.519606789895,25.109399339804
Y,良興藥局,臺北市北投區中和街286號,,121.500390413665,25.140465942378
Y,康揚藥局,臺北市北投區中和街322號,02-28946520,121.499762500281,25.141080159562
Y,嘉禾大藥局,臺北市北投區中和街二六四號,02-28984758,121.500717167804,25.140139559927
Y,祐鄰藥局,臺北市北投區尊賢街二五○號,,121.507285772551,25.117070350548
Y,小明藥局,臺北市北投區中央南路一段六九號二樓,28967136,121.501367762639,25.131446695648
Y,上頤藥局,臺北市北投區中和街327號1樓,02-28981210,121.49967086624,25.140970083405
Y,國泰藥師藥局,臺北市北投區自強街139-1號,,121.516064404411,25.111204980382
Y,長宜藥局,臺北市北投區自強街112號,28216605,121.515425762935,25.110739108267
Y,大家藥局,臺北市北投區光明路182號,28959000,121.503294532694,25.135663181213
Y,維康藥局,臺北市北投區石牌路2段191.193號,02-28206343,121.515489302096,25.116188843868
Y,杏嘉藥局,臺北市北投區清江路68號,02-28982340,121.501703585808,25.130443279509
N,大田大藥局,臺北市北投區石牌路2段68巷4號,28275638,121.516336576764,25.116329341495
Y,小豬藥局,臺北市北投區東陽街403號(1樓),02-28217099,121.517629805337,25.112441588525
Y,石牌健康人生藥局,臺北市北投區石牌路二段187號,02-28225169,121.518360342268,25.118690685576
Y,鴻恩藥局,臺北市北投區中央南路一段129號,02-28926410,121.501194805368,25.130151157631
Y,昱仁藥局,臺北市北投區光明路102號2樓,02-28979050,121.501217858941,25.133095336256
Y,關渡松藥局,臺北市北投區知行路247號,02-28584824,121.467067595137,25.120735770609
Y,佳祈健保藥局,臺北市北投區明德路144號,,121.520763058149,25.110464913153
Y,天禧大藥局,臺北市北投區實踐街35號,02-28213558,121.50870600834,25.115209207436
Y,秝安藥局,臺北市北投區石牌路一段69之1號(實際使用:1樓),02-28215399,121.511116870176,25.11358584067
Y,萬信藥局,臺北市北投區知行路305號,02-28583083,121.467191817596,25.122144051606
Y,禾馨民權藥局,臺北市內湖區民權東路6段42號1樓,02-27910373,121.581657148863,25.067740058639
Y,富康活力湖光藥局,臺北市內湖區康寧路1段25號1樓,87927999,121.591398450094,25.080616753595
Y,杏一港墘藥局,臺北市內湖區港墘路83號(1樓),02-27997406,121.578084447234,25.08077657179
Y,赫得藥局,臺北市內湖區康樂街七十二巷十七弄四號一樓,226328642,121.617837834086,25.069756288895
Y,富山藥局,臺北市內湖區麗山街３６４巷２號１樓,227996446,121.572833371344,25.081680276698
N,旭志藥局,臺北市內湖區內湖路三段９７號１樓,227902616,121.591050499385,25.086344329204
N,順欣藥局,臺北市內湖區星雲街73號,227916562,121.592713000386,25.079082053297
Y,杏佳藥局,臺北市內湖區康寧路一段51號,27915726,121.591995749301,25.080330352171
Y,展恩藥局,臺北市內湖區民權東路六段136巷4號,27953041、28237855,121.587698431816,25.068663999071
Y,大內湖藥局,臺北市內湖區成功路3段164號1樓,27956286,121.590264624183,25.080353145558
N,芳茂藥局,臺北市內湖區成功路四段151號,227924711,121.594004905786,25.083130555772
Y,葛蘭素藥局,臺北市內湖區內湖路二段１０３巷１２８號１樓,227997824,121.580820880751,25.084523893964
Y,泰成藥局,臺北市內湖區內湖路三段１３５號１樓,227921231,121.589850781834,25.086853405396
Y,富盛藥局,臺北市內湖區成功路四段６１巷２５弄１２號１樓,27908667,121.592634738108,25.080375135622
Y,永安藥局,臺北市內湖區文德路210巷30弄48號,226586658,121.585190938069,25.07722797884
Y,明湖藥局,臺北市內湖區東湖路７巷２７號１樓,226313515,121.612468236676,25.069704716878
Y,清白藥局,臺北市內湖區東湖路108號,26305743,121.615674110335,25.068277216948
N,正心藥局,臺北市內湖區麗山街３６８號１樓,227972771,121.57269443852,25.081543822138
Y,宏光藥局,臺北市內湖區成功路二段２２１號１樓,227919068,121.59085482339,25.067378280368
N,麗安藥局,臺北市內湖區港華街８１號１樓,226580146,121.574625938557,25.083282938
Y,安康藥局,臺北市內湖區安康路482號,02-26327675,121.615787758276,25.067850391008
Y,至康藥局,臺北市內湖區內湖路一段737巷19弄1號,26580022,121.578501918405,25.07924588368
Y,文新藥局,臺北市內湖區文湖街７之５號１樓,87978865,121.559896649512,25.085443334263
Y,盧狄聯合藥局,臺北市內湖區康寧路三段一八九巷五十七號,26308897,121.612874422691,25.071331495647
Y,康信藥局,臺北市內湖區民權東路六段296巷29號,26342088,121.606229039026,25.072030797156
Y,康健藥局,臺北市內湖區康樂街80號,26305825、0930507565,121.618859364518,25.070146564842
Y,匯安藥局,臺北市內湖區內湖路1段703之1號,02-26579255,121.577420459577,25.079637043758
Y,富康東湖藥局,臺北市內湖區東湖路119巷49弄16號,26323222、0921828133,121.617002493095,25.069879338331
Y,高昱藥局,臺北市內湖區陽光街321巷26號2樓之15,87519962、0955392507,121.578613256404,25.072362507381
Y,樂活藥師藥局,臺北市內湖區內湖路2段368號,27968052,121.590977981984,25.082302019253
Y,樂康藥妝藥局,臺北市內湖區文德路117號,0914027237、26562110,121.58405198894,25.078704360595
Y,思恩藥局,臺北市內湖區成功路4段61巷26號,27965808,121.593225841679,25.081206498286
Y,早安元氣藥局,臺北市內湖區成功路4段53號1樓,27923633,121.592084479634,25.081665623666
Y,壹零捌藥局,臺北市內湖區成功路4段344號,27910061,121.599637622399,25.0848785929
Y,瑞光藥局,臺北市內湖區瑞光路212號,87513365,121.576269537151,25.075249325744
Y,昇龍藥局,臺北市內湖區東湖路151號,26316783,121.617365824412,25.068100240452
Y,桔子藥局,臺北市內湖區內湖路二段333號,27930052,121.591667256458,25.083185323079
Y,晟安藥局,臺北市內湖區金龍路135號,87919320,121.59020301539,25.085934889556
Y,宜昇優良藥局,臺北市內湖區康寧路三段165巷10號,26327817內湖區,121.611790639031,25.070814926137
Y,躍獅寶湖藥局,臺北市內湖區民權東路六段123巷28號,87928335,121.592816442752,25.07009764423
Y,傑昇藥局,臺北市內湖區內湖路二段227號,27925957,121.589045362799,25.081802619493
Y,新安健保藥局,臺北市內湖區新明路402號,27932289,121.579693151111,25.054657351306
Y,仕德安藥局,臺北市內湖區新明路210號,27961683,121.584646576283,25.057113993741
Y,躍獅東湖藥局,臺北市內湖區金湖路378號,930237329,121.604672558265,25.073617202547
Y,樂齡藥師藥局,臺北市內湖區內湖路三段103號,27919707,121.590900320796,25.086408466156
Y,喜越藥局,臺北市內湖區內湖路一段285巷59弄7號,2627-1955,121.567330361533,25.08376702131
Y,江南大藥局,臺北市內湖區文德路22巷9弄56號,26595430,121.579148354449,25.07656027993
Y,躍獅大湖藥局,臺北市內湖區成功路四段329號,27945376、0912666245,121.598975789646,25.084536840055
Y,澴山藥局,臺北市內湖區環山路一段四號,87978793,121.565391073533,25.082882330021
Y,瑞暉藥局,臺北市內湖區文德路105號,26276828,121.583688949026,25.078702069237
Y,躍獅康成藥局,臺北市內湖區成功路四段61巷11號,87922031,121.592777682139,25.081397921572
Y,躍獅麗湖藥局,臺北市內湖區內湖路一段401之1號,26276160,121.570567098444,25.081884607483
Y,晶龍藥局,臺北市內湖區成功路四段218號,27956255,121.596104921707,25.084565571414
Y,佑全內湖康寧藥局,臺北市內湖區康寧路三段39號、39號2樓、41號、43號,26346578,121.607764227711,25.072641500129
N,松達藥師藥局,臺北市內湖區內湖路一段285巷65弄9號,02-2627-2167,121.567431397232,25.084442046397
Y,安安藥局,臺北市內湖區康寧路1段4號1樓,02-87912187,121.591175786967,25.080569900781
Y,原大藥局,臺北市內湖區內湖路一段737巷50弄5號,26596358,121.578811535588,25.080577668044
Y,和康健保藥局,臺北市內湖區文德路66巷41號,27997202,121.581780566682,25.077203025644
Y,耀元藥局,臺北市內湖區康樂街150號,02-26337369,121.619241185345,25.072627371591
Y,西湖藥局,臺北市內湖區內湖路一段355號,,121.569261787207,25.08220000268
Y,維安藥局,臺北市內湖區成功路三段174巷23號,27944520,121.590636453568,25.081434237813
Y,瑞陽藥局,臺北市內湖區文德路102號,26581551,121.582891880442,25.078311698907
Y,富康文德藥局,臺北市內湖區文德路22巷27弄4號,26272000,121.580000423705,25.07659464469
Y,博昱東福藥局,臺北市內湖區東湖路147號,02-26308599,121.617194821145,25.068145359988
Y,加一藥師藥局,臺北市內湖區星雲街24號1樓,02-87912653,121.590758849653,25.078042382354
Y,內湖藥局,臺北市內湖區康寧路1段116號1樓,27940545,121.593402070969,25.079484285745
Y,葫光藥局,臺北市內湖區康寧路3段54巷6號1樓,0-26341000,121.608992662221,25.071678787989
Y,旭村藥局,臺北市南港區興華路１１２號,227820948,121.60554242279,25.056607789661
Y,加欣藥局,臺北市南港區南港路二段26號,227836222,121.605397878897,25.054251188835
Y,麗康藥局,臺北市南港區同德路51號,26515236,121.584753479104,25.04564133813
Y,親親藥局,臺北市南港區玉成街140巷7號1樓,02-26537635,121.583236025232,25.044788078934
Y,健園藥局,臺北市南港區研究院路一段19號1樓,27851567,121.616570245633,25.054014161
N,可可藥局,臺北市南港區研究院路二段36號,27886667,121.615233480673,25.046885835486
Y,祥安藥局,臺北市南港區中坡南路25號,26547322,121.583168052167,25.043287977946
N,德鴻藥局,臺北市南港區玉成街１６８號１樓,02-27893016,121.584112384461,25.044659570725
Y,新東發藥局,臺北市南港區成福路１９８號,227855190,121.588267327808,25.040919360954
Y,富康活力藥局,臺北市南港區研究院路一段101巷8號,27828810,121.616511862652,25.051809346109
Y,亞博藥師藥局,臺北市南港區興華路81號,27838090,121.606058521882,25.055447068526
Y,佳龍藥局,臺北市南港區研究院路2段80號,27885951,121.615200413809,25.045397067215
Y,湳港藥局,臺北市南港區研究院路1段101巷12號,27892200,121.616696516874,25.051753626237
Y,進慧藥局,臺北市南港區研究院路一段163號,,121.615700135806,25.050308678014
Y,儀安健保藥局,臺北市南港區同德路74號,27893839,121.585290206764,25.04569787059
Y,泓安藥局,臺北市南港區興華路75號,02-27861083,121.606128254687,25.055166816978
Y,健涵藥局,臺北市南港區舊莊街一段147號,02-27837285,121.620502650753,25.039853579203
Y,南港藥局,臺北市南港區南港路一段166號,02-27829137,121.611882926355,25.055358600649
Y,順翔藥局,臺北市南港區研究院路二段170號,27824332,121.61689399664,25.037849367262
Y,景星藥局,臺北市南港區南港路三段26號,02-27838816,121.592399070966,25.054341575992
Y,成恩藥局,臺北市南港區成福路23號,27856602,121.586733972892,25.044726863338
Y,小藥師健保藥局,臺北市南港區福德街320之1號,,121.587983768106,25.039483167338
Y,心亮藥局,臺北市南港區玉成街66之7號,02-27881677,121.581776986366,25.04692212975
Y,勝安藥局,臺北市南港區舊莊街一段165號,,121.621117187085,25.039490803764
Y,開欣藥局,臺北市南港區南港路二段38巷6之1號,02-26532986,121.604802176331,25.054701647916
Y,躍獅忠孝藥局,臺北市南港區成福路16號,27862829,121.585978012585,25.045611875738
Y,成福大藥局,臺北市南港區成福路8號,02-27859221,121.585869991032,25.045776557609
Y,心心藥局,臺北市南港區研究院路2段76號1樓,02-27862586,121.615133032126,25.045515730279
Y,上丞藥師藥局,臺北市南港區成福路10號1樓,26535589,121.585894194795,25.04573965491
Y,杏安藥局,臺北市南港區昆陽街140巷16號1樓,27864119,121.593791198116,25.049692967367
N,民昇藥局,臺北市南港區南港路3段338號(1樓),2748-0151,121.580825118587,25.051633155974
Y,裕成藥局,臺北市南港區玉成街１６６巷１３號,227851227,121.583448273953,25.044334318497
Y,新錦安藥局,臺北市南港區南港路三段３４號,227825218,121.592216414928,25.05429245177
Y,仁泰藥局,臺北市南港區同德路２８號,227855464,121.584085848842,25.045108024834
N,志銘藥局,臺北市南港區研究院路一段１０１巷１１號,227835216,121.617138642837,25.05199936427
Y,木新健康人生藥局,臺北市文山區木新路三段203號,86611465,121.559833626463,24.981396638533
Y,大樹文山藥局,臺北市文山區興隆路三段13號(1、2、3樓),29342226,121.554978556724,25.000877612901
Y,建興藥局,臺北市文山區木柵路二段８１號１樓,229399993,121.560969818222,24.98888881534
Y,健群藥局,臺北市文山區景興路４１號,229328898,121.544838212127,24.997171823631
Y,瑞安藥局,臺北市文山區溪口街６９之１號１樓,229312888,121.539340972014,24.99511967297
N,新陽藥局,臺北市文山區光輝路１６號,234-11902,121.555011608043,24.987557904575
N,慈安藥局,臺北市文山區忠順街一段２６巷１８號,229365629,121.559344863121,24.98324527848
N,三和藥局,臺北市文山區景福街２５５號,229351707,121.539814456907,24.993679214949
N,京城藥局,臺北市文山區忠順街一段４２號１樓,229371210,121.559961270661,24.984160642259
Y,永明大藥局,臺北市文山區興隆路一段二九七號一樓,229314428,121.544901000994,24.998749284878
Y,銘依藥局,臺北市文山區興隆路二段301巷4-1號,29308538,121.553430241598,25.001661468806
Y,巧康藥局,臺北市文山區木新路3段262、264號,29372061,121.564440548777,24.982827033871
Y,安誠藥局,臺北市文山區景華街124之1號,02-29308542,121.546825396247,24.995611190496
Y,健康家藥局,臺北市文山區興隆路二段133號,29330858,121.548056223474,25.000113245294
Y,圓鼎藥局,臺北市文山區羅斯福路六段407號2樓之1,29332010,121.540558527739,24.991619372539
Y,杏一木柵藥局,臺北市文山區木柵路三段98號,02-29371839,121.567356229609,24.988605099196
N,123健康藥局,臺北市文山區興隆路2段220巷31弄26號,86632673,121.552893244345,25.000208441421
Y,光明大藥局,臺北市文山區忠順街一段66號,2939-0275,121.56067645414,24.984259163978
Y,福興藥局,臺北市文山區福興路56號,911899260,121.55045590078,25.003451367649
Y,路加健康藥局,臺北市文山區興隆路二段220巷39號,29302336,121.552179806667,25.000216327642
Y,健安藥局,臺北市文山區景興路165號,02-29323757-12,121.544663189068,24.993463954806
Y,逸全生活藥局,臺北市文山區羅斯福路五段222號,29326185,121.538756322038,25.00197267635
N,躍獅新芳藥局,臺北市文山區興隆路三段16號,02-29308172,121.554871751383,25.00061693651
N,綠杏萬芳藥局,臺北市文山區興隆路三段111號,02-29349516,121.558330275036,25.000306276079
Y,大愛幸福藥局,臺北市文山區木新路二段221號,02-29379977,121.567523741499,24.983443223771
Y,躍獅木柵藥局,臺北市文山區指南路一段28號,02-86617752,121.569488746925,24.987560129344
Y,專品政大藥局,臺北市文山區指南路二段8號,02-22343010,121.574220260601,24.987838312934
Y,大樹木柵藥局,臺北市文山區木柵路三段108號、110號,22340110,121.567597261349,24.988656353482
Y,大樹景美藥局,臺北市文山區羅斯福路六段234之1號,02-29322951,121.540428929141,24.992439579654
Y,光點文山景華藥局,臺北市文山區景興路109號1樓,29335881,121.544817971366,24.994962716002
Y,躍獅景新藥局,臺北市文山區羅斯福路6段30號1樓,02-29356221,121.539645273735,24.999783908118
Y,富康活力睦新藥局,臺北市文山區木新路3段216號,02-29393666,121.55953579162,24.981532566458
Y,康宜庭興隆藥局,臺北市文山區興隆路3段200號1樓,22304866,121.559015458012,24.99778684753
Y,康宜庭景文藥局,臺北市文山區景文街97號1樓,02-2930-2801,121.541346021435,24.990930236122
N,景華盛康藥局,臺北市文山區景華街69號1樓,02-29310188,121.545041193217,24.995242546699
Y,裕康藥局,臺北市文山區木柵路一段１２號,222367756,121.546206035895,24.986678002516
Y,景美藥局,臺北市文山區景文街１２５號,229335741,121.541191974703,24.990330561036
Y,全銨藥局,臺北市文山區木新路三段３４９號１樓,229370689,121.555821500221,24.980344640425
N,錫東藥局,臺北市文山區萬隆街５６號,229341550,121.537298321669,25.000750847221
Y,日信專業藥局,臺北市文山區木柵路二段一三九號一樓,286618322,121.562527423176,24.989060048967
Y,逸仙藥師藥局,臺北市文山區興隆路二段２１８之１號１樓,229312597,121.552441827796,25.001481691697
Y,康宜庭生活藥局,臺北市文山區興隆路四段64號,29385363,121.561325357163,24.985141970345
Y,博揚藥局,臺北市文山區景興路一八一號,89321707,121.544423586893,24.992801869251
Y,東京晟藥局,臺北市文山區辛亥路四段97號,29356354,121.558702279582,25.006838407429
Y,仙瑩藥局,臺北市文山區景華街166號,0921418253、89321817,121.547879027652,24.9969326874
Y,舒博威藥局,臺北市文山區興隆路二段九十五巷三號,29306805,121.547004188914,24.999517153953
Y,佳醫景美藥局,臺北市文山區羅斯福路六段二九0號,86636659,121.539843878531,24.991001002974
Y,慶豐好藥局,臺北市文山區興隆路四段135號1樓,29384775,121.561564888633,24.985355601917
Y,華君藥局,臺北市文山區興隆路二段60號,29319510,121.547762786231,24.999553734251
N,永原大藥局,臺北市文山區興隆路三段166號,22305729,121.558427568257,24.998353501719
Y,皇興藥師藥局,臺北市文山區木柵路2段121號,02-29365553,121.562066509782,24.989007405248
Y,宇康藥局,臺北市文山區羅斯福路五段218巷7號,29307066,121.538293578874,25.002027509197
Y,人人健保藥局,臺北市文山區保儀路39號,86610761,121.568694044982,24.987857593132
Y,杏隆藥局,臺北市文山區羅斯福路5段261號,2931-3151,121.539504506155,25.001150707758
Y,永源大藥局,臺北市文山區興隆路3段302號,22396166、22396166,121.558797107846,24.993124360007
Y,康宜庭萬隆藥局,臺北市文山區羅斯福路五段202號,02-29348662,121.538448342623,25.003220854937
Y,美迦藥局,臺北市文山區保儀路23號,29362815,121.568710682101,24.988147331858
Y,振大藥局,臺北市文山區永安街22巷16號,29393385,121.569669492033,24.986828928093
Y,躍獅奕新藥局,臺北市文山區木新路2段275號,222340378,121.5660167401,24.982919788515
Y,宜康藥局,臺北市文山區保儀路7號,86619862,121.568639802843,24.98871910909
Y,欣安景美藥局,臺北市文山區景文街77號,29350296、2931-6008,121.541428987489,24.991259145113
Y,北一藥師藥局,臺北市文山區木新路三段47號,22348686,121.564164072666,24.982359748379
Y,萬隆大藥局,臺北市文山區羅斯福路五段218巷15號,2933-4580,121.537959077233,25.002027500497
Y,杏一萬安藥局,臺北市文山區萬安街15號,22302126,121.570639840024,25.001390217006
Y,躍獅永健藥局,臺北市文山區木柵路一段177號,22367821,121.550991835164,24.987766919894
Y,健康人生藥局,臺北市文山區興隆路三段106號,29347813,121.557261220009,24.9993213188
